00 S 00 0000 C 800 015.00 NAME PLATE,.docx,00 S 00 0000 C 800 015.00 NAME PLATE.docx,dcproxy
00 S 00 0000 C 870 016.00 SUPPORT PLATE,.docx,00 S 00 0000 C 870 016.00 SUPPORT PLATE.docx,dcproxy
00 S 00 0000 C 870 007.00 P.T. MTG. ANGLE,.docx,00 S 00 0000 C 870 007.00 P.T. MTG. ANGLE.docx,dcproxy
00 S 00 0000 C 870 015.00 VERTICAL RIB,.docx,00 S 00 0000 C 870 015.00 VERTICAL RIB.docx,dcproxy
00 S 00 0000 C 870 010.00 BRIGHT FLAT,.docx,00 S 00 0000 C 870 010.00 BRIGHT FLAT.docx,dcproxy
00 S 00 0000 C 870 012.00 RIB - 1,.docx,00 S 00 0000 C 870 012.00 RIB - 1.docx,dcproxy
00 S 00 0000 C 870 011.00 RIB - 2,.docx,00 S 00 0000 C 870 011.00 RIB - 2.docx,dcproxy
00 S 00 0000 C 870 005.00 SLIDE MTG. PLATE,.docx,00 S 00 0000 C 870 005.00 SLIDE MTG. PLATE.docx,dcproxy
00 S 00 0000 C 870 020.00 FRONT BAKELITE-TOP,.docx,00 S 00 0000 C 870 020.00 FRONT BAKELITE-TOP.docx,dcproxy
00 S 00 0000 C 870 019.00 FRONT BAKELITE-BOTTOM,.docx,00 S 00 0000 C 870 019.00 FRONT BAKELITE-BOTTOM.docx,dcproxy
00 S 00 0000 C 870 017.00 BOTTOM BACKLITE 140 MM ANVIL,.docx,00 S 00 0000 C 870 017.00 BOTTOM BACKLITE 140 MM ANVIL.docx,dcproxy
00 S 00 0000 C 870 013.00 BASE PLATE,.docx,00 S 00 0000 C 870 013.00 BASE PLATE.docx,dcproxy
00 S 00 0000 C 870 004.00 FRONT PLATE,.docx,00 S 00 0000 C 870 004.00 FRONT PLATE.docx,dcproxy
00 S 00 0000 C 870 014.00 ANVIL 140 MM,.docx,00 S 00 0000 C 870 014.00 ANVIL 140 MM.docx,dcproxy
00 S 00 0000 C 870 008.00 P.T. PLATE MTG. ANGLE,.docx,00 S 00 0000 C 870 008.00 P.T. PLATE MTG. ANGLE.docx,dcproxy
00 S 00 0000 C 870 018.00 SPACER BAKELITE,.docx,00 S 00 0000 C 870 018.00 SPACER BAKELITE.docx,dcproxy
00 S 00 0000 C 870 009.00 P.T. MTG. PLATE,.docx,00 S 00 0000 C 870 009.00 P.T. MTG. PLATE.docx,dcproxy
00 S 00 0000 C 870 002.00 PROFILE PLATE - RHS,.docx,00 S 00 0000 C 870 002.00 PROFILE PLATE - RHS.docx,dcproxy
00 S 00 0000 C 870 006.00 MS ANGLE,.docx,00 S 00 0000 C 870 006.00 MS ANGLE.docx,dcproxy
00 S 00 0000 C 870 003.00 PROFILE PLATE - LHS,.docx,00 S 00 0000 C 870 003.00 PROFILE PLATE - LHS.docx,dcproxy
00 S 00 0000 C 870 001.00 CYL. MTG. PLATE,.docx,00 S 00 0000 C 870 001.00 CYL. MTG. PLATE.docx,dcproxy
